algo,n,rep,hauteur,prof_feuilles,taille_gauche,time_ms
Remy,50,1,18,9.1373,11,0.1040
ABR,50,1,11,7.0000,13,0.0360
Remy,50,2,19,9.2157,0,0.0679
ABR,50,2,10,6.3333,25,0.0341
Remy,50,3,16,11.2157,0,0.0689
ABR,50,3,11,7.0196,23,0.0319
Remy,50,4,25,12.8235,48,0.0682
ABR,50,4,12,7.3333,1,0.0329
Remy,50,5,18,9.9412,1,0.0679
ABR,50,5,9,6.3725,21,0.0331
Remy,50,6,14,8.4510,48,0.0689
ABR,50,6,10,6.4902,13,0.0341
Remy,50,7,17,10.3922,49,0.0691
ABR,50,7,11,6.6667,27,0.0329
Remy,50,8,13,8.3529,0,0.0682
ABR,50,8,11,7.1569,41,0.0710
Remy,50,9,16,9.6863,38,0.7570
ABR,50,9,14,7.7647,4,0.3359
Remy,50,10,17,10.2157,0,0.3171
ABR,50,10,12,7.7255,2,0.1881
Remy,50,11,17,10.6078,49,0.1509
ABR,50,11,11,7.4314,6,0.0510
Remy,50,12,13,7.7647,1,0.1221
ABR,50,12,11,6.9804,41,0.0451
Remy,50,13,14,9.2157,49,0.3190
ABR,50,13,11,7.2549,1,0.0520
Remy,50,14,17,10.7255,0,0.0858
ABR,50,14,9,6.5098,15,0.0420
Remy,50,15,21,11.1373,47,0.1142
ABR,50,15,11,7.1765,35,0.1051
Remy,50,16,15,9.3333,0,0.1500
ABR,50,16,11,6.4902,29,0.0539
Remy,50,17,19,10.6275,49,0.1030
ABR,50,17,11,7.7451,1,0.0520
Remy,50,18,17,8.8431,47,0.1020
ABR,50,18,13,7.7451,43,0.0379
Remy,50,19,16,10.0392,0,0.0801
ABR,50,19,8,6.0196,23,0.0331
Remy,50,20,19,12.1765,0,0.0730
ABR,50,20,11,7.0000,35,0.0339
Remy,50,21,15,8.7255,33,0.1121
ABR,50,21,10,6.3529,17,0.0300
Remy,50,22,14,9.6471,49,0.0520
ABR,50,22,11,6.9804,9,0.0281
Remy,50,23,15,8.5294,21,0.0422
ABR,50,23,13,8.5490,1,0.0281
Remy,50,24,15,8.5882,2,0.0432
ABR,50,24,9,6.5294,44,0.0279
Remy,50,25,18,10.4510,0,0.0510
ABR,50,25,10,6.6471,14,0.0291
Remy,50,26,18,10.9412,49,0.0410
ABR,50,26,9,6.3529,40,0.0260
Remy,50,27,21,11.7451,3,0.0410
ABR,50,27,13,7.5686,10,0.0269
Remy,50,28,20,10.7843,49,0.0391
ABR,50,28,9,6.6471,31,0.0341
Remy,50,29,16,11.2157,0,0.0670
ABR,50,29,11,7.1176,14,0.0329
Remy,50,30,25,12.9216,49,0.0401
ABR,50,30,9,6.4706,20,0.0248
Remy,50,31,16,8.6078,4,0.0961
ABR,50,31,11,7.6863,42,0.0558
Remy,50,32,19,9.9608,45,0.0699
ABR,50,32,11,7.6667,5,0.0300
Remy,50,33,20,11.4510,0,0.0429
ABR,50,33,10,6.5294,34,0.0341
Remy,50,34,13,8.9216,46,0.0682
ABR,50,34,9,6.4706,25,0.0420
Remy,50,35,15,9.3137,25,0.0811
ABR,50,35,11,6.8235,9,0.0360
Remy,50,36,18,9.6275,5,0.0648
ABR,50,36,11,6.8039,8,0.0288
Remy,50,37,20,10.3333,0,0.0401
ABR,50,37,10,6.6667,11,0.0250
Remy,50,38,19,10.0784,5,0.0401
ABR,50,38,12,7.4510,29,0.0260
Remy,50,39,13,8.4118,1,0.0379
ABR,50,39,13,8.0196,40,0.0260
Remy,50,40,15,9.8627,0,0.0391
ABR,50,40,13,7.4510,43,0.0269
Remy,50,41,18,11.6863,49,0.0391
ABR,50,41,10,7.0000,37,0.0250
Remy,50,42,17,8.9020,4,0.0532
ABR,50,42,9,6.6863,27,0.0260
Remy,50,43,20,9.8431,48,0.0379
ABR,50,43,14,8.1373,1,0.0260
Remy,50,44,17,9.2745,0,0.0379
ABR,50,44,9,6.7059,18,0.0269
Remy,50,45,15,9.8627,0,0.0379
ABR,50,45,9,6.4118,19,0.0250
Remy,50,46,20,12.9020,0,0.0391
ABR,50,46,9,6.5490,22,0.0260
Remy,50,47,15,9.8235,48,0.0391
ABR,50,47,11,6.5098,17,0.0250
Remy,50,48,18,11.0392,0,0.0410
ABR,50,48,10,6.4314,27,0.0262
Remy,50,49,17,10.4314,49,0.0379
ABR,50,49,9,7.0196,0,0.0370
Remy,50,50,17,10.4118,49,0.1142
ABR,50,50,11,6.5490,10,0.0300
Remy,100,1,22,13.6634,0,0.0870
ABR,100,1,14,8.0792,47,0.0250
Remy,100,2,24,12.2970,1,0.0648
ABR,100,2,13,8.6931,92,0.0250
Remy,100,3,28,15.5545,99,0.0749
ABR,100,3,14,8.4950,77,0.0269
Remy,100,4,24,12.8218,99,0.0660
ABR,100,4,12,7.8119,39,0.0260
Remy,100,5,24,13.6238,0,0.0651
ABR,100,5,14,8.4059,44,0.0260
Remy,100,6,31,19.4950,0,0.0660
ABR,100,6,12,7.9901,63,0.0262
Remy,100,7,23,12.6733,8,0.0660
ABR,100,7,12,7.8713,22,0.0250
Remy,100,8,25,12.8713,0,0.0658
ABR,100,8,12,7.6931,72,0.0250
Remy,100,9,30,14.3960,2,0.0651
ABR,100,9,13,8.0198,16,0.0260
Remy,100,10,27,14.4257,98,0.0660
ABR,100,10,12,7.6337,44,0.0260
Remy,100,11,36,17.4455,0,0.0648
ABR,100,11,16,8.7228,84,0.0248
Remy,100,12,23,13.2079,97,0.0651
ABR,100,12,13,8.3069,59,0.0250
Remy,100,13,23,13.9703,1,0.0651
ABR,100,13,12,8.4554,6,0.0300
Remy,100,14,18,10.9901,6,0.0660
ABR,100,14,15,8.6337,89,0.0248
Remy,100,15,20,12.4455,3,0.0961
ABR,100,15,14,9.2376,73,0.0350
Remy,100,16,26,14.0693,0,0.1070
ABR,100,16,17,8.9604,6,0.0360
Remy,100,17,27,14.4158,99,0.1230
ABR,100,17,14,8.4356,6,0.0379
Remy,100,18,24,13.7822,99,0.1521
ABR,100,18,15,10.0594,97,0.0370
Remy,100,19,20,11.4752,99,0.1059
ABR,100,19,12,8.1386,7,0.0370
Remy,100,20,25,13.0198,6,0.1328
ABR,100,20,15,8.2376,23,0.0589
Remy,100,21,24,13.6535,99,0.1321
ABR,100,21,13,9.2772,2,0.0451
Remy,100,22,23,15.2871,99,0.1850
ABR,100,22,14,8.2772,17,0.0498
Remy,100,23,20,11.2277,3,0.1369
ABR,100,23,12,7.6634,50,0.0639
Remy,100,24,20,12.3762,99,0.1452
ABR,100,24,12,7.8911,50,0.0470
Remy,100,25,36,18.2970,0,0.1421
ABR,100,25,12,8.1386,28,0.0501
Remy,100,26,27,13.3762,98,0.7322
ABR,100,26,14,8.7624,5,0.1211
Remy,100,27,33,18.7129,3,0.2949
ABR,100,27,14,8.8119,22,0.0520
Remy,100,28,24,11.9307,32,0.1371
ABR,100,28,11,8.1683,74,0.0420
Remy,100,29,22,12.4554,99,0.1180
ABR,100,29,16,10.4653,97,0.0360
Remy,100,30,26,14.8812,98,0.0820
ABR,100,30,14,8.4653,95,0.0319
Remy,100,31,29,15.2970,0,0.0842
ABR,100,31,13,8.7525,15,0.0310
Remy,100,32,23,12.6832,99,0.1140
ABR,100,32,11,7.4950,21,0.0520
Remy,100,33,27,14.9604,2,0.0830
ABR,100,33,13,8.4653,31,0.0300
Remy,100,34,20,14.0594,0,0.0789
ABR,100,34,12,8.3168,69,0.0300
Remy,100,35,21,12.8416,1,0.1340
ABR,100,35,12,8.1584,3,0.0379
Remy,100,36,29,15.7030,5,0.1020
ABR,100,36,13,8.8119,0,0.0322
Remy,100,37,22,12.9307,69,0.0741
ABR,100,37,13,8.3564,14,0.0291
Remy,100,38,18,10.8317,92,0.0730
ABR,100,38,13,7.8911,48,0.0300
Remy,100,39,24,14.0099,0,0.0749
ABR,100,39,15,9.0396,27,0.0291
Remy,100,40,23,12.2178,97,0.0749
ABR,100,40,14,8.5347,50,0.0291
Remy,100,41,20,12.1881,0,0.1030
ABR,100,41,12,7.6931,62,0.0288
Remy,100,42,26,14.6931,0,0.0660
ABR,100,42,12,7.8911,64,0.0269
Remy,100,43,28,17.4455,99,0.0780
ABR,100,43,11,7.9802,59,0.0269
Remy,100,44,40,17.1980,99,0.0670
ABR,100,44,12,7.8614,69,0.0260
Remy,100,45,20,12.0198,95,0.0682
ABR,100,45,12,7.6238,54,0.0269
Remy,100,46,22,12.0891,97,0.0789
ABR,100,46,14,8.6733,79,0.0262
Remy,100,47,25,13.5644,99,0.0672
ABR,100,47,13,8.2079,49,0.0272
Remy,100,48,24,13.8614,18,0.0808
ABR,100,48,14,8.8614,95,0.0288
Remy,100,49,17,10.5050,1,0.0892
ABR,100,49,12,7.7030,46,0.0319
Remy,100,50,23,13.7426,98,0.0651
ABR,100,50,14,7.8416,77,0.0920
Remy,200,1,25,13.7861,0,0.1979
ABR,200,1,18,9.4925,50,0.0291
Remy,200,2,24,16.2189,199,0.2091
ABR,200,2,16,9.2289,44,0.0319
Remy,200,3,34,18.1244,199,0.1910
ABR,200,3,16,9.3881,148,0.0300
Remy,200,4,27,16.8308,0,1.0700
ABR,200,4,14,9.0498,157,0.5841
Remy,200,5,29,17.8259,199,0.3848
ABR,200,5,15,9.3980,84,0.0541
Remy,200,6,29,16.5473,199,0.3231
ABR,200,6,14,9.6617,51,0.0789
Remy,200,7,37,21.1144,196,0.4511
ABR,200,7,15,9.5323,62,0.0589
Remy,200,8,30,14.4677,196,0.3569
ABR,200,8,15,9.6020,28,0.0610
Remy,200,9,29,14.9403,198,0.3750
ABR,200,9,15,9.1841,25,0.0582
Remy,200,10,31,14.8756,31,0.2301
ABR,200,10,16,10.3582,3,0.0310
Remy,200,11,31,16.9502,2,0.2081
ABR,200,11,15,9.9950,174,0.0310
Remy,200,12,28,15.9154,0,0.1941
ABR,200,12,16,9.5721,153,0.0319
Remy,200,13,32,19.0896,199,0.2060
ABR,200,13,14,8.9552,161,0.0300
Remy,200,14,36,18.7413,199,0.1929
ABR,200,14,16,9.8706,159,0.0281
Remy,200,15,34,18.4975,199,0.1950
ABR,200,15,15,9.0149,117,0.0310
Remy,200,16,25,14.4080,2,0.1931
ABR,200,16,17,10.7164,45,0.0281
Remy,200,17,36,17.7463,1,0.1910
ABR,200,17,20,10.1891,53,0.0279
Remy,200,18,24,13.7960,186,0.1831
ABR,200,18,15,9.3781,158,0.0281
Remy,200,19,25,13.9254,199,0.1979
ABR,200,19,16,9.9701,39,0.0288
Remy,200,20,35,21.4826,199,0.2730
ABR,200,20,15,9.8806,97,0.0331
Remy,200,21,26,14.9502,196,0.1841
ABR,200,21,15,9.7015,58,0.0279
Remy,200,22,44,20.9104,0,0.1919
ABR,200,22,14,9.7413,50,0.0279
Remy,200,23,36,17.5174,197,0.1941
ABR,200,23,17,10.1393,177,0.0281
Remy,200,24,34,17.4577,199,0.1819
ABR,200,24,17,9.8856,159,0.0291
Remy,200,25,27,15.0995,0,0.1900
ABR,200,25,14,9.0746,131,0.0279
Remy,200,26,34,18.7910,0,0.2699
ABR,200,26,15,10.1343,52,0.0451
Remy,200,27,32,18.3333,0,0.3300
ABR,200,27,17,9.6517,23,0.0470
Remy,200,28,30,16.0149,197,0.3510
ABR,200,28,18,10.1841,190,0.0460
Remy,200,29,39,19.5871,1,0.3152
ABR,200,29,14,9.5821,171,0.0398
Remy,200,30,28,15.5622,199,0.1881
ABR,200,30,18,10.6020,6,0.0329
Remy,200,31,25,15.3532,2,0.2081
ABR,200,31,15,9.4925,69,0.0310
Remy,200,32,38,21.0448,0,0.9339
ABR,200,32,19,9.9005,178,0.0730
Remy,200,33,35,19.1741,199,0.3741
ABR,200,33,19,10.6269,172,0.0870
Remy,200,34,27,14.4577,1,0.3710
ABR,200,34,17,10.8706,164,0.0460
Remy,200,35,31,17.8507,198,0.2270
ABR,200,35,15,9.6368,86,0.0350
Remy,200,36,29,14.3881,2,0.2019
ABR,200,36,15,9.7065,197,0.0319
Remy,200,37,30,15.5075,199,0.2019
ABR,200,37,18,9.6119,69,0.0300
Remy,200,38,32,15.7313,199,0.1988
ABR,200,38,14,9.3781,91,0.0300
Remy,200,39,35,18.1990,0,0.1879
ABR,200,39,15,9.8010,45,0.0288
Remy,200,40,32,18.2139,0,0.1950
ABR,200,40,14,9.1891,58,0.0291
Remy,200,41,34,15.1493,199,0.1972
ABR,200,41,15,9.4030,24,0.0288
Remy,200,42,39,20.0050,199,0.2029
ABR,200,42,18,9.2637,116,0.0319
Remy,200,43,24,14.7512,187,0.1960
ABR,200,43,16,9.7264,64,0.0300
Remy,200,44,40,20.3781,3,0.2019
ABR,200,44,16,10.7512,183,0.0291
Remy,200,45,46,21.2537,199,0.2768
ABR,200,45,18,9.8955,138,0.0350
Remy,200,46,30,14.1791,199,0.1962
ABR,200,46,16,10.0547,151,0.0291
Remy,200,47,29,16.0647,197,0.1960
ABR,200,47,17,9.6965,156,0.0300
Remy,200,48,28,17.0896,199,0.1872
ABR,200,48,16,9.7363,52,0.0288
Remy,200,49,31,19.0796,0,0.1969
ABR,200,49,15,8.9254,97,0.0300
Remy,200,50,36,18.8756,198,0.2129
ABR,200,50,13,8.8756,107,0.0339
Remy,500,1,51,27.2814,499,1.1439
ABR,500,1,22,12.5609,425,0.0498
Remy,500,2,51,25.9481,499,1.0650
ABR,500,2,23,11.9042,175,0.0470
Remy,500,3,43,21.8503,450,1.1001
ABR,500,3,18,11.0439,119,0.0498
Remy,500,4,64,31.2176,0,1.6980
ABR,500,4,18,11.6447,364,0.0570
Remy,500,5,45,21.0080,498,1.3261
ABR,500,5,16,10.6068,262,0.0510
Remy,500,6,47,26.7206,498,3.0510
ABR,500,6,19,12.0279,493,0.2251
Remy,500,7,35,17.5110,499,3.3858
ABR,500,7,17,11.3333,104,0.0751
Remy,500,8,40,21.0798,494,1.6711
ABR,500,8,19,11.3693,382,0.1018
Remy,500,9,46,23.0719,490,1.9290
ABR,500,9,19,11.4092,121,0.0639
Remy,500,10,37,20.1078,499,1.4830
ABR,500,10,20,12.3533,194,0.0510
Remy,500,11,40,20.0100,496,1.0831
ABR,500,11,20,12.2754,480,0.0410
Remy,500,12,43,23.5908,499,1.0121
ABR,500,12,17,10.4910,112,0.0360
Remy,500,13,38,21.7665,0,1.1430
ABR,500,13,20,11.5429,348,0.0479
Remy,500,14,52,26.2515,0,1.0538
ABR,500,14,20,11.5988,137,0.0360
Remy,500,15,43,23.7745,499,2.3890
ABR,500,15,19,11.9381,171,0.2470
Remy,500,16,52,25.6487,2,1.9882
ABR,500,16,19,11.0379,143,0.1090
Remy,500,17,42,22.3134,477,2.5342
ABR,500,17,17,10.9701,159,0.0429
Remy,500,18,48,24.9341,7,1.0741
ABR,500,18,16,10.8343,252,0.0420
Remy,500,19,55,28.0459,7,1.0478
ABR,500,19,25,12.0858,230,0.0420
Remy,500,20,49,25.9501,0,1.0831
ABR,500,20,21,12.1597,7,0.0420
Remy,500,21,44,22.7784,499,1.0490
ABR,500,21,18,10.8862,275,0.0360
Remy,500,22,46,23.0359,0,1.0560
ABR,500,22,17,10.9880,360,0.0420
Remy,500,23,48,27.5868,0,1.6949
ABR,500,23,20,11.6387,54,0.0560
Remy,500,24,43,20.5050,455,2.1501
ABR,500,24,17,11.2415,439,0.0908
Remy,500,25,48,26.0379,1,1.4429
ABR,500,25,22,11.7725,360,0.0520
Remy,500,26,44,20.9581,13,1.1570
ABR,500,26,20,11.7804,97,0.0451
Remy,500,27,50,25.5429,498,1.1671
ABR,500,27,20,12.3473,9,0.0470
Remy,500,28,32,19.7186,499,1.2970
ABR,500,28,18,11.1337,144,0.0470
Remy,500,29,43,20.9341,1,1.1790
ABR,500,29,19,11.8922,23,0.0470
Remy,500,30,50,26.5609,2,1.0982
ABR,500,30,20,12.4691,40,0.0360
Remy,500,31,39,23.5170,465,1.0190
ABR,500,31,18,11.4631,362,0.0401
Remy,500,32,42,21.0639,3,1.1129
ABR,500,32,21,11.4192,158,0.0420
Remy,500,33,52,21.3952,3,1.3750
ABR,500,33,20,11.7824,52,0.0501
Remy,500,34,42,24.3114,9,1.2631
ABR,500,34,20,11.8343,265,0.0441
Remy,500,35,47,24.5948,3,1.1780
ABR,500,35,19,11.3972,192,0.0420
Remy,500,36,40,18.9261,469,1.5621
ABR,500,36,16,10.5489,271,0.0610
Remy,500,37,35,20.6148,499,1.7281
ABR,500,37,18,11.7824,452,0.1049
Remy,500,38,41,22.5569,498,1.4470
ABR,500,38,21,11.8882,286,0.0501
Remy,500,39,61,30.4012,2,1.5700
ABR,500,39,19,10.7066,184,0.2151
Remy,500,40,44,19.5429,8,2.0080
ABR,500,40,20,11.7984,118,0.2069
Remy,500,41,43,21.4750,493,1.2670
ABR,500,41,22,12.0419,70,0.0570
Remy,500,42,42,23.4331,0,1.4608
ABR,500,42,21,13.2056,5,0.0460
Remy,500,43,58,31.2435,497,1.0610
ABR,500,43,20,11.8004,217,0.0420
Remy,500,44,41,21.1497,1,1.6699
ABR,500,44,20,11.1218,305,0.0591
Remy,500,45,50,26.2515,499,1.6141
ABR,500,45,18,10.8723,373,0.0560
Remy,500,46,53,29.9880,494,1.9979
ABR,500,46,24,11.6267,40,0.0529
Remy,500,47,40,22.3493,5,1.2569
ABR,500,47,20,11.9202,47,0.0491
Remy,500,48,63,25.4910,0,1.0569
ABR,500,48,19,12.3553,4,0.0410
Remy,500,49,34,19.6008,0,1.7319
ABR,500,49,20,11.7086,149,0.0520
Remy,500,50,40,21.1657,499,1.0588
ABR,500,50,19,11.1457,277,0.0429
Remy,1000,1,60,28.5614,998,4.3910
ABR,1000,1,24,12.9890,701,0.0651
Remy,1000,2,48,24.6633,11,5.4171
ABR,1000,2,24,13.6334,114,0.1049
Remy,1000,3,46,25.7732,993,5.9671
ABR,1000,3,24,13.8382,206,0.0889
Remy,1000,4,53,26.2498,998,5.4328
ABR,1000,4,22,13.0180,841,0.0660
Remy,1000,5,57,29.3167,0,4.5390
ABR,1000,5,27,12.8581,409,0.0629
Remy,1000,6,41,22.2627,975,4.0839
ABR,1000,6,23,13.2288,712,0.0560
Remy,1000,7,46,24.1199,995,4.0751
ABR,1000,7,25,13.7013,460,0.0539
Remy,1000,8,58,31.0739,2,4.0288
ABR,1000,8,22,12.4246,131,0.0532
Remy,1000,9,61,31.0130,4,6.7308
ABR,1000,9,26,13.2058,795,0.1481
Remy,1000,10,62,29.6354,995,7.6559
ABR,1000,10,20,12.5994,136,0.0830
Remy,1000,11,45,25.9820,999,6.8779
ABR,1000,11,24,13.7522,822,0.1049
Remy,1000,12,59,31.6753,0,6.1400
ABR,1000,12,22,13.0030,808,0.0770
Remy,1000,13,58,27.1968,6,5.7068
ABR,1000,13,21,13.5425,79,0.0930
Remy,1000,14,48,25.2438,0,6.3870
ABR,1000,14,22,12.7892,869,0.0880
Remy,1000,15,58,29.7962,999,7.2188
ABR,1000,15,22,13.0280,909,0.1841
Remy,1000,16,60,29.9990,0,8.6610
ABR,1000,16,21,13.2228,297,0.1299
Remy,1000,17,62,28.8042,996,8.6629
ABR,1000,17,24,13.7932,815,0.1988
Remy,1000,18,53,32.1698,995,7.6320
ABR,1000,18,21,13.4935,971,0.1199
Remy,1000,19,51,26.3317,999,9.4769
ABR,1000,19,22,12.4086,878,0.1009
Remy,1000,20,56,29.9670,997,6.2931
ABR,1000,20,23,13.4755,7,0.0741
Remy,1000,21,64,32.4396,999,5.0828
ABR,1000,21,22,12.2138,528,0.0579
Remy,1000,22,52,29.7063,4,4.6899
ABR,1000,22,21,12.4715,741,0.0572
Remy,1000,23,54,25.7712,1,4.0498
ABR,1000,23,26,15.1369,25,0.0541
Remy,1000,24,56,26.3257,997,4.1208
ABR,1000,24,25,12.9241,446,0.0539
Remy,1000,25,56,30.2827,998,4.5321
ABR,1000,25,24,13.8661,58,0.0920
Remy,1000,26,52,27.1948,0,4.1270
ABR,1000,26,23,12.9021,323,0.0529
Remy,1000,27,48,27.6583,0,4.0779
ABR,1000,27,25,13.7532,148,0.0529
Remy,1000,28,41,21.5954,3,4.2391
ABR,1000,28,23,12.8641,344,0.0560
Remy,1000,29,47,26.6983,0,4.4751
ABR,1000,29,24,14.3377,992,0.0570
Remy,1000,30,43,23.8202,999,4.1130
ABR,1000,30,20,12.5684,208,0.0529
Remy,1000,31,47,25.7752,998,4.1571
ABR,1000,31,24,14.0430,136,0.0529
Remy,1000,32,51,27.2727,1,4.8280
ABR,1000,32,23,13.5924,334,0.1070
Remy,1000,33,60,29.6184,0,4.2751
ABR,1000,33,23,13.1129,627,0.0560
Remy,1000,34,46,26.2507,999,4.2050
ABR,1000,34,21,12.7682,642,0.0570
Remy,1000,35,59,34.9131,993,4.8621
ABR,1000,35,22,13.4925,27,0.0780
Remy,1000,36,50,28.3457,999,6.6621
ABR,1000,36,22,12.4605,252,0.0989
Remy,1000,37,61,32.9311,999,7.6032
ABR,1000,37,20,12.2328,741,0.0930
Remy,1000,38,62,39.3097,999,6.5231
ABR,1000,38,20,12.2218,701,0.0782
Remy,1000,39,52,26.5584,0,4.7958
ABR,1000,39,28,14.5325,996,0.0541
Remy,1000,40,52,27.8092,993,4.9498
ABR,1000,40,22,13.0819,999,0.0582
Remy,1000,41,42,25.7552,999,4.5931
ABR,1000,41,24,13.3377,919,0.0598
Remy,1000,42,61,36.6893,2,4.0441
ABR,1000,42,22,12.9830,400,0.0548
Remy,1000,43,50,27.6643,0,4.2200
ABR,1000,43,22,13.1389,7,0.0579
Remy,1000,44,53,29.9141,0,4.1249
ABR,1000,44,21,13.2128,691,0.0739
Remy,1000,45,51,26.0759,0,7.7970
ABR,1000,45,23,13.9550,108,0.0880
Remy,1000,46,57,25.4366,3,9.1550
ABR,1000,46,20,12.5974,188,0.3309
Remy,1000,47,49,26.9640,998,4.4229
ABR,1000,47,19,11.9151,736,0.0570
Remy,1000,48,55,29.9401,0,4.4940
ABR,1000,48,23,13.3227,910,0.0782
Remy,1000,49,55,28.2188,999,4.0379
ABR,1000,49,25,13.1978,246,0.0541
Remy,1000,50,54,28.2048,994,4.8630
ABR,1000,50,22,12.1998,357,0.0660
Remy,2000,1,69,32.8721,1,22.1729
ABR,2000,1,23,14.5577,1948,0.1428
Remy,2000,2,70,35.1759,0,18.0318
ABR,2000,2,26,14.6477,664,0.0939
Remy,2000,3,80,39.7631,1999,17.7441
ABR,2000,3,23,14.4833,360,0.0911
Remy,2000,4,62,35.7906,0,18.3752
ABR,2000,4,24,14.4808,1949,0.2520
Remy,2000,5,60,32.0840,4,19.2909
ABR,2000,5,28,14.0175,1477,0.1001
Remy,2000,6,78,37.3298,5,17.4701
ABR,2000,6,21,13.3778,793,0.0920
Remy,2000,7,62,31.3403,1999,22.6421
ABR,2000,7,22,13.5847,1154,0.1090
Remy,2000,8,54,29.9105,6,23.1402
ABR,2000,8,22,13.4168,1032,0.1040
Remy,2000,9,63,30.9820,0,24.6911
ABR,2000,9,24,14.0765,395,0.1130
Remy,2000,10,56,29.8096,0,22.2461
ABR,2000,10,24,14.0910,471,0.1080
Remy,2000,11,73,35.9005,3,23.1249
ABR,2000,11,27,15.0860,1484,0.1221
Remy,2000,12,65,37.2764,1999,25.7099
ABR,2000,12,24,13.9785,1543,0.1400
Remy,2000,13,84,38.5617,1999,22.8200
ABR,2000,13,33,15.8011,1782,0.1190
Remy,2000,14,67,36.1859,0,20.7641
ABR,2000,14,25,14.0685,694,0.1090
Remy,2000,15,53,29.6382,3,19.0940
ABR,2000,15,24,13.7781,914,0.1051
Remy,2000,16,75,30.5987,4,18.5001
ABR,2000,16,25,14.4713,1223,0.1378
Remy,2000,17,71,34.1744,1999,27.8749
ABR,2000,17,26,14.5292,1517,0.2000
Remy,2000,18,58,32.7656,0,19.1040
ABR,2000,18,25,14.8006,1613,0.0930
Remy,2000,19,57,25.3393,1971,17.3790
ABR,2000,19,22,13.6892,301,0.0911
Remy,2000,20,60,33.0905,0,17.8189
ABR,2000,20,23,13.6197,716,0.0949
Remy,2000,21,73,36.6677,1999,18.1239
ABR,2000,21,22,13.5097,495,0.1001
Remy,2000,22,75,42.3038,1998,18.5659
ABR,2000,22,24,14.7591,765,0.0970
Remy,2000,23,51,27.0095,1998,23.3991
ABR,2000,23,27,15.0540,1557,0.0951
Remy,2000,24,72,30.7976,1999,19.9339
ABR,2000,24,24,13.3283,1093,0.0920
Remy,2000,25,68,38.1614,1994,22.2452
ABR,2000,25,23,14.0730,1245,0.1450
Remy,2000,26,56,31.8676,1997,23.4008
ABR,2000,26,25,15.4023,61,0.1040
Remy,2000,27,73,32.2394,1999,18.3680
ABR,2000,27,24,14.2144,521,0.1011
Remy,2000,28,65,30.9415,0,20.2191
ABR,2000,28,27,15.4178,198,0.2100
Remy,2000,29,69,32.3838,1994,19.8028
ABR,2000,29,29,15.1964,380,0.1001
Remy,2000,30,54,29.0570,4,18.1830
ABR,2000,30,24,15.0260,1810,0.1020
Remy,2000,31,74,36.8711,1999,17.8461
ABR,2000,31,23,13.9590,423,0.0930
Remy,2000,32,63,34.8356,0,23.5491
ABR,2000,32,24,13.7466,266,0.1049
Remy,2000,33,62,29.2264,15,19.5451
ABR,2000,33,22,13.5327,1221,0.0980
Remy,2000,34,61,31.1274,1998,22.3780
ABR,2000,34,24,14.0460,1052,0.1292
Remy,2000,35,56,26.9300,0,23.7410
ABR,2000,35,23,14.0635,112,0.1049
Remy,2000,36,62,27.0920,1906,18.0299
ABR,2000,36,24,14.2879,1387,0.1011
Remy,2000,37,63,31.5952,1999,19.5382
ABR,2000,37,22,13.4938,1029,0.1090
Remy,2000,38,63,36.6402,3,20.8800
ABR,2000,38,26,15.1519,1524,0.1431
Remy,2000,39,55,31.1584,1999,28.0559
ABR,2000,39,26,13.9810,1004,0.1869
Remy,2000,40,64,35.0625,1992,27.0622
ABR,2000,40,25,14.2359,279,0.1111
Remy,2000,41,81,42.2314,0,31.3070
ABR,2000,41,23,13.5847,1113,0.1810
Remy,2000,42,61,27.6832,0,31.1558
ABR,2000,42,24,14.1124,1903,0.1001
Remy,2000,43,63,32.4463,1999,17.8559
ABR,2000,43,25,14.1224,550,0.0949
Remy,2000,44,67,35.1504,1,18.1940
ABR,2000,44,25,14.1724,534,0.0930
Remy,2000,45,64,33.8846,1999,22.6030
ABR,2000,45,26,13.7376,805,0.1221
Remy,2000,46,73,38.6697,0,18.5919
ABR,2000,46,25,14.6602,1892,0.1018
Remy,2000,47,63,34.7336,1999,20.6840
ABR,2000,47,22,13.4958,1181,0.0980
Remy,2000,48,68,34.9195,1997,17.2920
ABR,2000,48,24,13.7731,704,0.0961
Remy,2000,49,69,39.4098,1996,18.4338
ABR,2000,49,23,13.8371,1233,0.1040
Remy,2000,50,72,35.4593,1999,25.2211
ABR,2000,50,25,14.5002,84,0.1640
Remy,5000,1,77,39.7139,4986,157.2258
ABR,5000,1,30,15.8672,386,0.3109
Remy,5000,2,100,43.7880,0,157.3720
ABR,5000,2,30,16.8522,3180,0.2050
Remy,5000,3,82,35.8334,1,168.5281
ABR,5000,3,28,16.2010,2688,0.3300
Remy,5000,4,93,44.4565,4994,151.2070
ABR,5000,4,31,17.1456,39,0.5200
Remy,5000,5,80,42.4441,5,163.4359
ABR,5000,5,31,17.9384,4258,0.3450
Remy,5000,6,83,43.3007,0,153.7170
ABR,5000,6,29,15.6667,3601,0.3619
Remy,5000,7,98,40.0794,0,165.9639
ABR,5000,7,27,16.1778,880,0.2868
Remy,5000,8,93,47.0330,4997,156.1930
ABR,5000,8,28,16.6591,34,0.1791
Remy,5000,9,72,36.0350,4999,151.6712
ABR,5000,9,29,16.6915,155,0.1979
Remy,5000,10,98,51.8676,0,142.9579
ABR,5000,10,28,16.3179,1773,0.2289
Remy,5000,11,71,38.0562,0,215.9240
ABR,5000,11,28,15.6601,1852,0.3252
Remy,5000,12,75,36.0166,11,151.1989
ABR,5000,12,25,15.8020,1646,0.2060
Remy,5000,13,76,39.0580,4993,141.8080
ABR,5000,13,34,20.1150,295,0.2191
Remy,5000,14,85,38.6889,4999,130.7878
ABR,5000,14,26,15.6691,1885,0.3810
Remy,5000,15,81,36.1436,4936,139.1790
ABR,5000,15,28,16.6737,451,0.1850
Remy,5000,16,80,41.5387,4998,144.8030
ABR,5000,16,29,15.7680,1230,0.1819
Remy,5000,17,82,39.0254,0,129.5319
ABR,5000,17,30,16.3229,3467,0.2091
Remy,5000,18,69,37.8126,1,139.3259
ABR,5000,18,28,16.0882,1527,0.5059
Remy,5000,19,82,40.3219,4999,125.4849
ABR,5000,19,27,15.9892,3674,0.1700
Remy,5000,20,74,38.6413,4998,123.8980
ABR,5000,20,30,15.7656,1426,0.1800
Remy,5000,21,91,37.1804,4999,136.4892
ABR,5000,21,28,16.1882,1094,0.4749
Remy,5000,22,77,36.7914,1,142.8108
ABR,5000,22,26,15.6211,3307,0.2811
Remy,5000,23,112,48.8836,1,137.7311
ABR,5000,23,28,15.7431,4428,0.1762
Remy,5000,24,78,43.9212,4999,140.1839
ABR,5000,24,32,16.0356,1371,0.2551
Remy,5000,25,86,45.0862,4995,150.6271
ABR,5000,25,30,16.1528,780,0.6652
Remy,5000,26,81,42.3501,0,149.7922
ABR,5000,26,29,16.8450,3919,0.7601
Remy,5000,27,89,43.1660,9,141.4320
ABR,5000,27,29,16.3541,4192,0.1810
Remy,5000,28,84,39.5135,4999,141.8538
ABR,5000,28,36,16.7566,4228,0.1850
Remy,5000,29,71,39.8904,9,139.3368
ABR,5000,29,28,15.9390,2234,0.3588
Remy,5000,30,107,45.3601,4994,138.7811
ABR,5000,30,31,17.1190,2134,0.3629
Remy,5000,31,105,52.5417,4999,129.4901
ABR,5000,31,29,16.2468,4142,0.2410
Remy,5000,32,96,46.1982,1,130.4209
ABR,5000,32,27,15.9860,1633,0.1779
Remy,5000,33,85,41.3091,4,131.9840
ABR,5000,33,28,16.0680,3682,0.1979
Remy,5000,34,84,41.1202,0,136.8830
ABR,5000,34,27,16.3575,4904,0.1771
Remy,5000,35,68,37.7548,4999,135.4411
ABR,5000,35,33,18.4805,444,1.3750
Remy,5000,36,76,37.5969,6,128.8540
ABR,5000,36,29,17.3571,297,0.1690
Remy,5000,37,94,46.2755,7,125.9940
ABR,5000,37,26,15.9410,234,0.3040
Remy,5000,38,97,45.5409,4999,127.6052
ABR,5000,38,27,15.7542,557,0.1769
Remy,5000,39,78,37.7776,4829,136.5650
ABR,5000,39,30,16.0374,1301,0.1900
Remy,5000,40,87,48.0116,3,143.3370
ABR,5000,40,28,15.5725,2764,0.1769
Remy,5000,41,77,43.4931,4999,177.1562
ABR,5000,41,27,16.0018,3999,0.2308
Remy,5000,42,79,40.3953,2,261.3320
ABR,5000,42,26,15.9300,1326,0.3130
Remy,5000,43,67,31.3931,34,207.5009
ABR,5000,43,26,15.5603,566,0.2589
Remy,5000,44,75,37.7934,0,231.5609
ABR,5000,44,30,15.5447,2867,0.2980
Remy,5000,45,89,40.0906,2,281.5161
ABR,5000,45,28,15.7167,3436,0.3810
Remy,5000,46,80,43.7830,4997,271.8041
ABR,5000,46,26,15.3555,1965,0.2789
Remy,5000,47,69,34.9788,1,183.2571
ABR,5000,47,31,16.6991,403,0.2010
Remy,5000,48,95,45.6457,1,166.6071
ABR,5000,48,28,15.4805,2939,0.1988
Remy,5000,49,94,53.7337,0,157.7601
ABR,5000,49,25,15.4429,3144,0.2239
Remy,5000,50,75,31.4771,732,184.4859
ABR,5000,50,27,16.0082,2542,0.3009
